701060|21567|31|12|2008|2008-12-31|Em execução||Publicado|SIM|NÃO|01200.004617/2008-76|240101|2009-01-16|2008-12-31|2017-12-25|0|2017-12-25||1|7|0|18907348.00|17907348.00|1000000.00|17907348.00|12261938.95|0.00|0.00|0.00|0.00
753023|321008|31|12|2010|2010-12-31|Prestação de Contas Aprovada||Publicado|NÃO|NÃO|073408/2010|135098|2011-01-25|2010-12-31|2012-11-30|30|2012-12-30|Normal|1|2|0|315060.00|292500.00|22560.00|292500.00|292500.00|68832.52|16590.61|0.00|0.00
826827|1060249|21|11|2016|2016-11-21|Em execução||Publicado|SIM|SIM|60414000442201691|110594|2016-11-22|2016-11-21|2017-11-21|60|2018-01-20|Cláusula Suspensiva|1|0|0|304560.00|282000.00|22560.00|282000.00|0.00|0.00|0.00|0.00|0.00
703115|40474|2|9|2009|2009-09-02|Prestação de Contas em Complementação||Publicado|SIM|NÃO|01400.007131/2008-33|340001|2009-09-04|2009-09-02|2010-08-15|0|2010-08-15||1|0|0|96740.00|74180.00|22560.00|74180.00|74180.00|0.00|0.00|0.00|0.00
732039|184342|6|4|2010|2010-04-06|Prestação de Contas em Análise||Publicado|SIM|NÃO|72031.003715/2010-48|540012|2010-05-03|2010-04-06|2010-07-10|0|2010-07-10||1|0|1|222560.00|200000.00|22560.00|200000.00|200000.00|0.00|0.00|0.00|0.00
820580|988263|18|12|2015|2015-12-18|Em execução||Publicado|SIM|SIM|0277012015|135098|2015-12-23|2015-12-18|2017-12-31|60|2018-03-01|Normal|1|1|0|120078.00|97500.00|22578.00|97500.00|97500.00|0.00|0.00|10199.19|0.00
736885|214158|24|9|2010|2010-09-24|Prestação de Contas Aprovada||Publicado|NÃO|NÃO|23175|180006|2010-09-30|2010-09-24|2013-03-30|60|2013-05-29|Normal|1|1|0|128600.24|117000.00|11600.24|117000.00|117000.00|79.83|0.00|0.00|0.00
704239|61302|13|10|2009|2009-10-13|Prestação de Contas enviada para Análise||Publicado|SIM|NÃO|01200.001966/2009-17|240101|2009-10-15|2009-10-13|2012-10-01|0|2012-10-01||1|2|0|6256000.00|4756000.00|1500000.00|4756000.00|4756000.00|1356690.28|0.00|0.00|0.00
705792|62075|8|12|2009|2009-12-08|Prestação de Contas enviada para Análise||Publicado|SIM|NÃO|71000.046132/2009-72|550008|2009-12-15|2009-12-15|2013-02-28|30|2013-03-30||1|2|0|3197643.47|3051586.86|146056.61|3051586.86|3051586.86|3169.31|0.00|0.00|0.00
706117|68988|30|11|2009|2009-11-30|Aguardando Prestação de Contas||Publicado|SIM|NÃO|032474/2009|550013|2009-12-04|2009-11-30|2015-10-06|60|2015-12-05|Normal|1|6|0|312500.00|300000.00|12500.00|300000.00|300000.00|0.00|0.00|0.00|0.00
835595|1065621|18|11|2016|2016-11-18|Em execução||Publicado|SIM|SIM|55000001206201614|110706|2016-12-07|2016-11-18|2018-10-31|60|2018-12-30|Normal|1|0|0|110000.00|74118.00|35882.00|200000.00|74118.00|0.00|0.00|0.00|0.00
701196|7004|2|11|2009|2009-11-02|Prestação de Contas em Complementação||Publicado|SIM|NÃO|55000.001670/2008-09|110703|2009-11-05|2009-11-02|2013-11-30|30|2013-12-30||1|3|1|214818.96|198244.00|16574.96|498766.00|95966.00|3585.83|0.00|0.00|0.00
713401|95966|30|12|2009|2009-12-30|Em execução||Publicado|SIM|NÃO|058878/2009|540007|2010-01-20|2009-12-30|2017-12-30|61|2018-03-01|Normal|1|7|0|563829.30|536250.00|27579.30|536250.00|268125.00|0.00|0.00|0.00|0.00
723930|113596|31|12|2009|2009-12-31|Convênio Anulado||Publicado|NÃO|NÃO|25000663201/2009-90|257001|2010-01-19|2009-12-31|2015-12-18|30|2016-01-17||1|0|5|500000.00|460000.00|40000.00|0.00|0.00|0.00|0.00|0.00|0.00
718472|123636|30|12|2009|2009-12-30|Aguardando Prestação de Contas||Publicado|SIM|NÃO|084103/2009|110669|2010-01-20|2009-12-30|2017-03-31|60|2017-05-30|Normal|1|6|1|297342.13|150000.00|147342.13|150000.00|150000.00|0.00|0.00|0.00|0.00
811972|898136|26|12|2014|2014-12-26|Em execução||Publicado|SIM|SIM|0463702014|250107|2015-01-07|2014-12-26|2017-12-31|60|2018-03-01|Normal|1|1|0|130002.00|130000.00|2.00|130000.00|65000.00|0.00|0.00|0.00|0.00
755165|137568|22|5|2012|2012-05-22|Em execução||Publicado|SIM|NÃO|01400.008793/2010-45|420044|2012-05-28|2012-05-22|2018-06-30|30|2018-07-30|Normal|1|4|2|1894945.97|1442831.44|452114.53|2885662.88|966717.38|0.00|0.00|0.00|0.00
702495|13111|31|12|2008|2008-12-31|Prestação de Contas Aprovada||Publicado|NÃO|NÃO|01400.008196/2008-04|420001|2009-01-20|2008-12-31|2010-05-31|0|2010-05-31||1|1|2|186115.00|148892.00|37223.00|148892.00|148892.00|0.00|0.00|0.00|0.00
729032|155528|30|12|2009|2009-12-30|Prestação de Contas Aprovada com Ressalvas||Publicado|NÃO|NÃO|113530/2009|540007|2010-01-20|2010-01-11|2016-06-27|60|2016-08-26|Normal|1|5|0|674183.26|387103.89|287079.37|387103.89|164952.74|0.00|0.00|0.00|0.00
733430|196188|11|11|2010|2010-11-11|Convênio Anulado||Publicado|NÃO|NÃO|006217/2010|540007|2010-11-22|2010-11-11|2016-12-02|60|2017-01-31|Sob Liminar Judicial e Cláusula Suspensiva|1|4|0|304687.50|292500.00|12187.50|0.00|0.00|0.00|0.00|0.00|0.00
772114|578879|18|12|2012|2012-12-18|Prestação de Contas Aprovada||Publicado|NÃO|SIM|71001.025638/2012-33|330013|2012-12-28|2012-12-18|2014-04-05|60|2014-06-04|Normal|1|0|1|208600.00|204428.00|4172.00|204428.00|204428.00|23005.26|469.49|0.00|0.00
732455|215941|30|6|2010|2010-06-30|Em execução||Publicado|SIM|NÃO|01400025448200932|340029|2010-07-01|2010-06-30|2018-04-30|30|2018-05-30||1|2|1|3600000.00|2400000.00|1200000.00|1600000.00|800000.00|0.00|0.00|0.00|0.00
736757|246906|11|11|2010|2010-11-11|Prestação de Contas Aprovada||Publicado|NÃO|NÃO|29189|180006|2010-11-22|2010-11-11|2016-12-11|60|2017-02-09|Normal|1|6|0|2428746.55|1560000.00|868746.55|1560000.00|1560000.00|51848.84|0.00|0.00|0.00
754543|250778|31|12|2010|2010-12-31|Convênio Anulado||Publicado|NÃO|NÃO|032975/2010|540007|2011-01-24|2010-12-31|2016-12-31|60|2017-03-01|Sob Liminar Judicial e Cláusula Suspensiva|1|3|0|508000.00|487500.00|20500.00|0.00|0.00|0.00|0.00|0.00|0.00
740367|290190|30|6|2010|2010-06-30|Prestação de Contas em Análise||Publicado|SIM|NÃO|58701.002581/2010|180002|2010-07-02|2010-06-30|2013-01-20|60|2013-03-21||1|0|2|2933402.00|2777750.00|155652.00|2777750.00|2777750.00|639919.23|35813.85|0.00|0.00
745139|292910|10|12|2010|2010-12-10|Em execução||Publicado|SIM|NÃO|047900/2010|540007|2010-12-21|2010-12-10|2017-12-30|60|2018-02-28|Liminar Judicial|1|4|1|1017000.00|975000.00|42000.00|975000.00|0.00|0.00|0.00|0.00|0.00
745140|292915|11|11|2010|2010-11-11|Aguardando Prestação de Contas||Publicado|SIM|NÃO|047905/2010|540007|2010-11-22|2010-11-11|2017-04-11|60|2017-06-10|Normal|1|5|1|1500721.77|1440692.90|60028.87|1440692.90|1440692.90|299421.34|0.00|0.00|0.00
779692|654207|31|12|2012|2012-12-31|Prestação de Contas Aprovada||Publicado|NÃO|NÃO|052719/2012|110669|2013-01-25|2012-12-31|2015-11-30|30|2015-12-30|Normal|1|2|1|310000.00|303800.00|6200.00|303800.00|303800.00|0.00|5291.86|0.00|0.00
759710|504793|30|12|2011|2011-12-30|Prestação de Contas Aprovada||Publicado|NÃO|NÃO|25100.030.101/2011-79|255000|2012-01-03|2011-12-30|2015-09-28|60|2015-11-27|Normal|1|2|1|310000.00|303800.00|6200.00|303800.00|303800.00|42108.69|0.00|0.00|0.00
787849|676089|19|12|2013|2013-12-19|Em execução||Publicado|SIM|SIM|004696/2013|540007|2013-12-31|2013-12-19|2017-12-30|60|2018-02-28|Normal|1|4|1|620000.00|607600.00|12400.00|607600.00|303800.00|0.00|0.00|0.00|0.00
779698|654266|21|1|2013|2013-01-21|Prestação de Contas Aprovada||Publicado|NÃO|NÃO|052768/2012|110669|2013-01-25|2013-01-21|2014-01-21|30|2014-02-20|Liminar Judicial|1|0|0|310000.00|303800.00|6200.00|303800.00|303800.00|0.00|1599.48|0.00|0.00
834246|1083688|12|12|2016|2016-12-12|Em execução||Publicado|SIM|SIM|25000074223201618|257001|2016-12-20|2016-12-12|2018-06-02|60|2018-08-01|Normal|1|0|1|303800.00|300000.00|3800.00|300000.00|300000.00|0.00|0.00|0.00|0.00
762235|509105|30|12|2011|2011-12-30|Prestação de Contas Aprovada com Ressalvas||Publicado|NÃO|NÃO|25100.044.651-2011/75|255000|2012-01-19|2011-12-30|2015-03-25|60|2015-05-24|Normal|1|3|0|310000.00|303800.00|6200.00|303800.00|303800.00|12374.39|0.00|0.00|0.00
757491|457824|30|12|2011|2011-12-30|Prestação de Contas Aprovada||Publicado|NÃO|NÃO|029903/2011|135098|2012-01-20|2011-12-30|2012-12-30|60|2013-02-28|Normal|1|1|0|303800.00|292500.00|11300.00|292500.00|292500.00|2300.88|0.00|0.00|0.00
730227|98609|31|12|2009|2009-12-31|Prestação de Contas Aprovada||Publicado|NÃO|NÃO|25100.068.443/2009-47|255000|2010-01-20|2009-12-31|2013-12-27|0|2013-12-27||1|5|2|339000.00|303800.00|35200.00|303800.00|303800.00|3141.83|0.00|0.00|0.00
722422|135472|21|12|2009|2009-12-21|Prestação de Contas Aprovada com Ressalvas||Publicado|NÃO|NÃO|59550.000979/2009-89|195001|2009-12-23|2009-12-21|2012-12-13|61|2013-02-12||1|3|0|318000.00|303800.00|14200.00|303800.00|303800.00|6098.98|0.00|0.00|0.00
759659|458701|30|12|2011|2011-12-30|Em execução||Publicado|SIM|NÃO|25100.030.114/2011-48|255000|2012-01-06|2011-12-30|2017-12-30|60|2018-02-28|Normal|1|3|0|310000.00|303800.00|6200.00|303800.00|0.00|0.00|0.00|0.00|0.00
735613|193742|24|11|2010|2010-11-24|Cancelado||Publicado|NÃO|NÃO|59150000107201067|530014|2010-11-25|2010-11-25|2016-04-26|30|2016-05-26|Normal|1|0|10|105000.00|100000.00|5000.00|200000.00|0.00|0.00|0.00|0.00|0.00
798882|766253|31|12|2013|2013-12-31|Prestação de Contas Aprovada||Publicado|NÃO|SIM|0647812013|135098|2014-01-07|2013-12-31|2015-10-30|60|2015-12-29|Normal|1|2|0|361000.00|313950.00|47050.00|313950.00|313950.00|12661.32|1897.48|0.00|0.00
753417|374405|30|12|2010|2010-12-30|Prestação de Contas Aprovada||Publicado|NÃO|NÃO|106359/2010|180006|2011-01-10|2010-12-30|2012-09-30|60|2012-11-29|Normal|1|0|0|350000.00|313950.00|36050.00|313950.00|313949.99|6318.48|0.00|0.00|0.00
721527|126052|31|12|2009|2009-12-31|Em execução||Publicado|SIM|NÃO|55000.003751/2009-16|110703|2010-01-11|2009-12-31|2018-01-15|0|2018-01-15||1|7|1|2779030.00|2465080.00|313950.00|2465080.00|2465080.00|0.00|0.00|0.00|0.00
752511|349834|30|12|2010|2010-12-30|Prestação de Contas Aprovada||Publicado|NÃO|NÃO|72031015576/2010-03|540012|2011-01-14|2010-12-30|2012-03-06|30|2012-04-05|Normal|1|0|2|120000.00|110400.00|9600.00|110400.00|110400.00|236004.22|11416.73|0.00|0.00
750731|356032|31|12|2010|2010-12-31|Prestação de Contas Aprovada com Ressalvas||Publicado|NÃO|NÃO|71001.024850/2010-11|550015|2011-01-20|2010-12-31|2014-11-06|60|2015-01-05|Liminar Judicial|1|3|0|407168.80|200000.00|207168.80|200000.00|200000.00|0.00|0.00|0.00|0.00
754554|371354|31|12|2010|2010-12-31|Em execução||Publicado|SIM|NÃO|105033/2010|540007|2011-01-18|2010-12-31|2017-12-30|60|2018-02-28|Liminar Judicial|1|3|1|5090000.00|4875000.00|215000.00|4875000.00|0.00|0.00|0.00|0.00|0.00
803695|862649|10|7|2014|2014-07-10|Prestação de Contas Aprovada||Publicado|NÃO|SIM|0317382014|175004|2014-07-16|2014-07-10|2017-10-31|60|2017-12-30|Normal|1|2|0|377000.00|371453.00|5547.00|371453.00|371453.00|11486.91|171.54|0.00|0.00
803636|855688|15|7|2014|2014-07-15|Em execução||Publicado|SIM|SIM|0260952014|175004|2014-07-17|2014-07-15|2018-04-30|60|2018-06-29|Normal|1|2|0|371826.00|371453.00|373.00|371453.00|185726.50|0.00|0.00|0.00|0.00
766211|481720|31|12|2011|2011-12-31|Prestação de Contas Aprovada com Ressalvas||Publicado|NÃO|NÃO|047159/2011|250107|2012-01-20|2011-12-31|2016-04-29|60|2016-06-28|Normal|1|2|0|1095905.00|350000.00|745905.00|350000.00|350000.00|0.00|0.00|0.00|0.00
767881|482405|31|12|2011|2011-12-31|Aguardando Prestação de Contas|Em aditivação|Publicado|SIM|NÃO|047662/2011|250107|2012-01-06|2011-12-31|2018-09-30|60|2018-11-29|Normal|1|5|0|673036.00|646114.56|26921.44|646114.56|646114.56|0.00|0.00|0.00|0.00
760893|483965|16|12|2011|2011-12-16|Convênio Anulado||Publicado|NÃO|NÃO|048880/2011|180006|2011-12-21|2011-12-16|2014-11-06|60|2015-01-05|Cláusula Suspensiva|1|2|0|457031.25|438750.00|18281.25|0.00|0.00|0.00|0.00|0.00|0.00
766222|485998|31|12|2011|2011-12-31|Convênio Anulado||Publicado|NÃO|NÃO|050100/2011|250107|2012-01-06|2011-12-31|2014-04-30|60|2014-06-29|Cláusula Suspensiva|1|0|0|2939150.00|2821584.00|117566.00|0.00|0.00|0.00|0.00|0.00|0.00
766226|486514|31|12|2011|2011-12-31|Em execução||Publicado|SIM|NÃO|050488/2011|250107|2012-01-06|2011-12-31|2018-01-31|60|2018-04-01|Normal|1|4|0|392000.00|335000.00|57000.00|335000.00|335000.00|0.00|0.00|0.00|0.00
768039|496760|30|12|2011|2011-12-30|Prestação de Contas Aprovada||Publicado|NÃO|NÃO|00009.002075/2011-14|200016|2012-02-13|2011-12-30|2014-12-30|30|2015-01-29|Normal|1|3|0|157500.00|150000.00|7500.00|150000.00|150000.00|181786.57|9085.51|0.00|0.00
762192|511355|30|12|2011|2011-12-30|Aguardando Prestação de Contas||Publicado|SIM|NÃO|01408001349201118|343032|2012-01-19|2011-12-30|2014-09-21|60|2014-11-20|Normal|1|1|0|1318219.27|960000.00|358219.27|960000.00|960000.00|0.00|0.00|0.00|0.00
762459|516944|31|12|2011|2011-12-31|Aguardando Prestação de Contas||Publicado|SIM|NÃO|068678/2011|135098|2012-01-20|2011-12-31|2017-02-28|60|2017-04-29|Normal|1|7|0|254250.00|224250.00|30000.00|224250.00|224250.00|0.00|0.00|0.00|0.00
764629|517840|31|12|2011|2011-12-31|Prestação de Contas Aprovada com Ressalvas||Publicado|NÃO|NÃO|069194/2011|540007|2012-01-20|2011-12-31|2016-06-27|60|2016-08-26|Normal|1|4|0|500000.00|480000.00|20000.00|480000.00|480000.00|0.00|0.00|0.00|0.00
764657|518238|31|12|2011|2011-12-31|Prestação de Contas Aprovada com Ressalvas||Publicado|NÃO|NÃO|069457/2011|540007|2012-01-20|2011-12-31|2015-06-25|60|2015-08-24|Normal|1|3|0|500000.00|480000.00|20000.00|480000.00|240000.00|0.00|0.00|0.00|0.00
764515|523379|30|12|2011|2011-12-30|Em execução||Publicado|SIM|NÃO|01408111404201161|343032|2012-01-19|2011-12-30|2017-11-16|60|2018-01-15|Normal|1|1|1|3000000.00|2880000.00|120000.00|2880000.00|448990.00|0.00|0.00|0.00|0.00
733333|288653|30|9|2010|2010-09-30|Prestação de Contas Aprovada||Publicado|NÃO|NÃO|59150000073201019|530014|2010-10-01|2010-10-01|2012-08-13|30|2012-09-12|Normal|1|0|4|204500.00|200000.00|4500.00|400000.00|200000.00|5526.36|0.00|0.00|0.00
724068|81416|6|1|2010|2010-01-06|Prestação de Contas Aprovada||Publicado|NÃO|NÃO|59150000370200912|530014|2010-01-06|2010-01-06|2014-06-28|30|2014-07-28|Normal|1|3|3|313764.45|300000.00|13764.45|900000.00|300000.00|7894.52|0.00|0.00|0.00
731615|159707|31|12|2009|2009-12-31|Prestação de Contas em Análise||Publicado|SIM|NÃO|59150.000371/2009-67|530014|2010-01-13|2010-01-13|2013-03-21|30|2013-04-20||1|0|4|1532000.00|1500000.00|32000.00|2000000.00|1500000.00|16364.45|16364.45|0.00|0.00
746754|320938|22|11|2010|2010-11-22|Prestação de Contas Aprovada||Publicado|NÃO|NÃO|59150.000258/2010-15|530014|2010-11-23|2010-11-23|2011-05-21|30|2011-06-20|Normal|1|0|0|102500.00|100000.00|2500.00|100000.00|100000.00|772.00|0.00|0.00|0.00
716425|135569|28|12|2009|2009-12-28|Prestação de Contas Aprovada||Publicado|NÃO|NÃO|59150000259200926|530014|2009-12-31|2009-12-31|2010-06-28|73|2010-09-09||1|0|0|102810.00|100000.00|2810.00|100000.00|100000.00|0.00|6234.39|0.00|0.00
718438|51012|31|12|2009|2009-12-31|Prestação de Contas Aprovada||Publicado|NÃO|NÃO|59150000278200952|530014|2010-01-07|2010-01-07|2010-05-06|125|2010-09-08||1|0|0|435000.00|400000.00|35000.00|400000.00|400000.00|1023.40|0.00|0.00|0.00
717470|106416|22|12|2009|2009-12-22|Prestação de Contas Aprovada||Publicado|NÃO|NÃO|59150000130200918|530014|2009-12-28|2009-12-28|2010-06-25|30|2010-07-25||1|0|0|102500.00|100000.00|2500.00|100000.00|100000.00|1796.58|0.00|0.00|0.00
725595|153708|31|12|2009|2009-12-31|Prestação de Contas Aprovada||Publicado|NÃO|NÃO|59150000342200903|530014|2010-01-11|2009-12-31|2010-12-22|0|2010-12-22||1|1|3|2045000.00|2000000.00|45000.00|2000000.00|2000000.00|105072.52|0.00|0.00|0.00
716783|129321|21|12|2009|2009-12-21|Prestação de Contas Aprovada||Publicado|NÃO|NÃO|59150000193200974|530014|2009-12-23|2009-12-23|2010-06-20|81|2010-09-09||1|0|0|106000.00|100000.00|6000.00|100000.00|100000.00|16942.57|0.00|0.00|0.00
749134|337344|2|12|2010|2010-12-02|Prestação de Contas Aprovada||Publicado|NÃO|NÃO|59150.000336/2010-81|530014|2010-12-03|2010-12-03|2011-05-31|1|2011-06-01|Normal|1|0|0|510300.00|500000.00|10300.00|500000.00|500000.00|7329.26|0.00|0.00|0.00
716884|125928|30|12|2009|2009-12-30|Prestação de Contas Aprovada||Publicado|NÃO|NÃO|59150000192200920|530014|2009-12-31|2009-12-31|2010-06-28|73|2010-09-09||1|0|0|103100.00|100000.00|3100.00|100000.00|100000.00|2291.76|0.00|0.00|0.00
734561|200665|23|12|2010|2010-12-23|Prestação de Contas Aprovada||Publicado|NÃO|NÃO|59150000012201043|530014|2010-12-24|2010-12-24|2011-06-21|30|2011-07-21|Normal|1|0|0|517150.00|500000.00|17150.00|500000.00|500000.00|18627.28|675.60|0.00|0.00
743346|302827|25|11|2010|2010-11-25|Prestação de Contas Aprovada||Publicado|NÃO|NÃO|59150.000264/2010-72|530014|2010-11-26|2010-11-26|2013-11-24|30|2013-12-24|Normal|1|0|2|2084034.14|1950000.00|134034.14|3900000.00|1950000.00|98505.16|0.00|0.00|0.00
733364|194233|16|11|2010|2010-11-16|Prestação de Contas Aprovada||Publicado|NÃO|NÃO|59150.000048/2010-27|530014|2010-11-17|2010-11-17|2012-06-14|30|2012-07-14|Normal|1|0|4|408163.28|400000.00|8163.28|800000.00|400000.00|463.28|0.00|0.00|0.00
750314|362070|7|12|2010|2010-12-07|Prestação de Contas Aprovada||Publicado|NÃO|NÃO|59150000343201083|530014|2010-12-08|2010-12-08|2011-06-05|30|2011-07-05|Normal|1|0|0|220000.00|200000.00|20000.00|200000.00|200000.00|13356.14|0.00|0.00|0.00
731606|141239|31|12|2009|2009-12-31|Prestação de Contas Aprovada||Publicado|NÃO|NÃO|59150.000391/2009-38|530014|2010-01-06|2010-01-06|2013-09-12|0|2013-09-12|Normal|1|1|5|2225034.06|2030566.19|194467.87|5765415.39|2030566.19|25085.43|2402.44|0.00|0.00
723690|141255|31|12|2009|2009-12-31|Prestação de Contas Aprovada||Publicado|NÃO|NÃO|59150000315200922|530014|2010-01-11|2010-01-11|2010-07-09|62|2010-09-09||1|0|0|102500.00|100000.00|2500.00|100000.00|100000.00|2147.84|0.00|0.00|0.00
728574|91981|31|12|2009|2009-12-31|Prestação de Contas Aprovada com Ressalvas||Publicado|NÃO|NÃO|59150000088200935|530014|2010-01-12|2009-12-31|2012-04-12|151|2012-09-10||1|0|2|315000.00|300000.00|15000.00|600000.00|300000.00|2181.19|0.00|0.00|0.00
747083|252772|16|12|2010|2010-12-16|Prestação de Contas Aprovada||Publicado|NÃO|NÃO|59150000204/201050|530014|2010-12-17|2010-12-17|2013-06-23|30|2013-07-23|Normal|1|0|4|205715.00|200000.00|5715.00|400000.00|200000.00|47749.89|0.00|0.00|0.00
733299|253244|2|12|2010|2010-12-02|Prestação de Contas Aprovada||Publicado|NÃO|NÃO|59150000071201011|530014|2010-12-03|2010-12-03|2011-05-31|0|2011-05-31|Normal|1|0|0|225500.00|220000.00|5500.00|220000.00|220000.00|0.00|0.00|0.00|0.00
717469|114141|31|12|2009|2009-12-31|Prestação de Contas Aprovada||Publicado|NÃO|NÃO|59150000175200992|530014|2010-01-12|2010-01-12|2011-12-07|30|2012-01-06||1|1|1|175649.32|150000.00|25649.32|150000.00|150000.00|25597.58|3310.73|0.00|0.00
716411|140249|21|12|2009|2009-12-21|Prestação de Contas Aprovada||Publicado|NÃO|NÃO|59150000265200983|530014|2009-12-24|2009-12-31|2010-06-28|73|2010-09-09||1|0|0|103000.00|100000.00|3000.00|100000.00|100000.00|813.15|0.00|0.00|0.00
750428|358640|30|12|2010|2010-12-30|Prestação de Contas Aprovada||Publicado|NÃO|NÃO|59150000344201028|530014|2010-12-30|2010-12-30|2014-05-03|30|2014-06-02|Normal|1|0|7|510500.00|500000.00|10500.00|1000000.00|500000.00|5669.21|0.00|0.00|0.00
737054|193166|30|6|2010|2010-06-30|Prestação de Contas Aprovada||Publicado|NÃO|NÃO|59150000143201021|530014|2010-07-01|2010-07-01|2011-03-27|30|2011-04-26||1|0|1|510500.00|500000.00|10500.00|500000.00|500000.00|12177.06|0.00|0.00|0.00
734564|294387|17|9|2010|2010-09-17|Prestação de Contas Aprovada||Publicado|NÃO|NÃO|59150000128201082|530014|2010-09-20|2010-09-20|2012-06-19|30|2012-07-19|Normal|1|0|3|160000.00|120000.00|40000.00|240000.00|120000.00|17422.55|0.00|0.00|0.00
718065|139425|31|12|2009|2009-12-31|Prestação de Contas enviada para Análise||Publicado|SIM|NÃO|59150000271200931|530014|2010-01-07|2010-01-07|2013-03-16|0|2013-03-16||1|0|6|1031000.00|1000000.00|31000.00|1662890.77|1000000.00|46781.62|0.00|0.00|0.00
716434|135537|31|12|2009|2009-12-31|Prestação de Contas Aprovada||Publicado|NÃO|NÃO|59150000256200992|530014|2010-01-05|2010-01-05|2010-10-25|157|2011-03-31||1|1|1|102200.00|100000.00|2200.00|100000.00|100000.00|17109.44|0.00|0.00|0.00
728517|102433|31|12|2009|2009-12-31|Prestação de Contas Aprovada||Publicado|NÃO|NÃO|59150000379200923|530014|2010-01-15|2010-01-15|2010-12-26|239|2011-08-22||1|0|1|295000.00|250000.00|45000.00|250000.00|250000.00|7615.85|0.00|0.00|0.00
723330|89698|31|12|2009|2009-12-31|Prestação de Contas Aprovada||Publicado|NÃO|NÃO|59150000108200978|530014|2010-01-08|2010-01-08|2010-07-06|65|2010-09-09||1|0|0|204201.79|200000.00|4201.79|200000.00|200000.00|35260.59|0.00|0.00|0.00
716437|122128|31|12|2009|2009-12-31|Prestação de Contas Aprovada||Publicado|NÃO|NÃO|59150000255200948|530014|2010-01-04|2010-01-04|2010-08-27|71|2010-11-06||1|0|1|102100.00|100000.00|2100.00|100000.00|100000.00|0.00|0.00|0.00|0.00
730600|150820|31|12|2009|2009-12-31|Prestação de Contas Aprovada||Publicado|NÃO|NÃO|59150000432200996|530014|2010-01-06|2010-01-06|2010-11-03|0|2010-11-03||1|0|1|280000.00|263000.00|17000.00|263000.00|263000.00|16223.45|0.00|0.00|0.00
741079|289269|17|11|2010|2010-11-17|Prestação de Contas Aprovada||Publicado|NÃO|NÃO|59150.000108/2010-10|530014|2010-11-18|2010-11-18|2012-10-14|30|2012-11-13|Normal|1|0|4|104000.00|100000.00|4000.00|200000.00|100000.00|0.00|0.00|0.00|0.00
737056|302646|1|7|2010|2010-07-01|Prestação de Contas Aprovada||Publicado|NÃO|NÃO|59150000132201041|530014|2010-07-02|2010-07-02|2011-06-12|30|2011-07-12|Normal|1|0|2|500000.00|490000.00|10000.00|490000.00|490000.00|0.00|0.00|0.00|0.00
716013|49334|22|12|2009|2009-12-22|Prestação de Contas Aprovada||Publicado|NÃO|NÃO|59150000227200921|530014|2009-12-24|2009-12-24|2012-04-16|701|2014-03-18||1|1|4|224508.05|200000.00|24508.05|400000.00|200000.00|2843.36|0.00|0.00|0.00
732885|190927|30|6|2010|2010-06-30|Prestação de Contas Aprovada||Publicado|NÃO|NÃO|59150000005201041|530014|2010-07-01|2010-07-01|2012-06-20|30|2012-07-20||1|0|4|290000.00|270000.00|20000.00|540000.00|270000.00|270000.00|0.00|0.00|0.00
733652|256186|1|7|2010|2010-07-01|Prestação de Contas Aprovada||Publicado|NÃO|NÃO|59150000078201033|530014|2010-07-01|2010-07-01|2012-06-19|30|2012-07-19||1|0|4|105000.00|100000.00|5000.00|200000.00|100000.00|1136.60|0.00|0.00|0.00
734080|197685|1|7|2010|2010-07-01|Prestação de Contas Aprovada||Publicado|NÃO|NÃO|59150000070201077|530014|2010-07-01|2010-07-01|2012-06-19|30|2012-07-19||1|0|4|310000.00|300000.00|10000.00|600000.00|300000.00|16830.00|0.00|0.00|0.00
734030|289091|2|12|2010|2010-12-02|Prestação de Contas Aprovada||Publicado|NÃO|NÃO|59150000009201020|530014|2010-12-03|2010-12-03|2011-05-31|0|2011-05-31|Normal|1|0|0|281000.00|270000.00|11000.00|270000.00|270000.00|0.00|0.00|0.00|0.00
740463|252904|3|12|2010|2010-12-03|Prestação de Contas Aprovada||Publicado|NÃO|NÃO|59150.000133/2010-95|530014|2010-12-06|2010-12-06|2014-09-28|30|2014-10-28|Normal|1|0|7|180000.00|150000.00|30000.00|300000.00|150000.00|1022.82|0.00|0.00|0.00
741784|247497|3|12|2010|2010-12-03|Prestação de Contas Aprovada||Publicado|NÃO|NÃO|59150000218201073|530014|2010-12-06|2010-12-06|2012-05-28|30|2012-06-27|Normal|1|0|2|310000.00|300000.00|10000.00|600000.00|300000.00|40490.42|0.00|0.00|0.00
717233|134493|18|12|2009|2009-12-18|Prestação de Contas enviada para Análise||Publicado|SIM|NÃO|59150000208200902|530014|2009-12-21|2009-12-21|2017-05-20|30|2017-06-19|Normal|1|0|9|619460.98|522427.00|97033.98|1044853.60|522426.80|36986.46|0.00|0.00|0.00
718062|111265|18|12|2009|2009-12-18|Prestação de Contas em Análise||Publicado|SIM|NÃO|59150000116200914|530014|2009-12-21|2009-12-21|2011-08-29|0|2011-08-29||1|0|1|1050000.00|1000000.00|50000.00|1000000.00|1000000.00|55084.64|0.00|0.00|0.00
746682|320998|19|11|2010|2010-11-19|Prestação de Contas Aprovada||Publicado|NÃO|NÃO|59150000244201000|530014|2010-11-22|2010-11-22|2015-03-12|30|2015-04-11|Normal|1|1|8|124000.00|100000.00|24000.00|200000.00|100000.00|12558.05|0.00|0.00|0.00
733775|287920|22|12|2010|2010-12-22|Prestação de Contas em Complementação||Publicado|SIM|NÃO|59150000013201098|530014|2010-12-23|2010-12-23|2011-06-20|30|2011-07-20|Normal|1|0|0|104998.00|100000.00|4998.00|100000.00|100000.00|0.00|0.00|0.00|0.00
734582|193913|23|11|2010|2010-11-23|Prestação de Contas Aprovada||Publicado|NÃO|NÃO|59150.000131/2010-04|530014|2010-11-24|2010-11-24|2011-05-22|30|2011-06-21|Normal|1|0|0|102100.00|100000.00|2100.00|100000.00|100000.00|19231.31|0.00|0.00|0.00
734581|285465|29|6|2010|2010-06-29|Prestação de Contas Aprovada||Publicado|NÃO|NÃO|59150.000014/2010-32|530014|2010-06-30|2010-06-30|2013-06-18|30|2013-07-18||1|1|3|419000.00|400000.00|19000.00|800000.00|400000.00|27013.36|0.00|0.00|0.00
737044|197694|29|6|2010|2010-06-29|Prestação de Contas Aprovada||Publicado|NÃO|NÃO|59150.000077/2010-99|530014|2010-06-30|2010-06-30|2010-12-26|30|2011-01-25||1|0|0|500000.00|490000.00|10000.00|490000.00|490000.00|11403.59|0.00|0.00|0.00
716846|133065|29|12|2009|2009-12-29|Prestação de Contas Aprovada||Publicado|NÃO|NÃO|59150000274200974|530014|2009-12-31|2009-12-31|2010-06-28|73|2010-09-09||1|0|0|143500.00|140000.00|3500.00|140000.00|140000.00|3700.00|0.00|0.00|0.00
716417|120746|30|12|2009|2009-12-30|Prestação de Contas Aprovada||Publicado|NÃO|NÃO|59150000266/200928|530014|2009-12-31|2009-12-31|2010-11-05|0|2010-11-05||1|1|1|103990.00|100000.00|3990.00|100000.00|100000.00|6190.00|0.00|0.00|0.00
705958|76518|31|12|2009|2009-12-31|Em execução||Publicado|SIM|NÃO|59150000024200934|530014|2010-01-08|2010-01-08|2017-12-20|30|2018-01-19||1|1|10|7312708.76|6900000.00|412708.76|18400000.00|4600000.00|0.00|0.00|0.00|0.00
706364|109286|31|12|2009|2009-12-31|Prestação de Contas Rejeitada||Publicado|SIM|NÃO|59150000158200955|530014|2010-01-08|2010-01-08|2013-01-06|30|2013-02-05|Normal|1|0|2|1244186.71|800000.00|444186.71|800000.00|400000.00|104781.84|12890.90|0.00|0.00
717567|130638|31|12|2009|2009-12-31|Prestação de Contas Aprovada||Publicado|NÃO|NÃO|59150000254200901|530014|2009-12-31|2010-01-07|2010-12-31|0|2010-12-31||1|1|1|204100.00|200000.00|4100.00|200000.00|200000.00|30451.99|0.00|0.00|0.00
718250|140808|31|12|2009|2009-12-31|Prestação de Contas Aprovada||Publicado|NÃO|NÃO|59150000302200953|530014|2010-01-05|2010-01-05|2010-07-27|157|2010-12-31||1|0|1|102500.00|100000.00|2500.00|100000.00|100000.00|23829.62|0.00|0.00|0.00
725441|155252|31|12|2009|2009-12-31|Prestação de Contas Aprovada||Publicado|NÃO|NÃO|59150000334200959|530014|2010-01-08|2010-01-08|2013-01-05|30|2013-02-04|Normal|1|0|2|205000.00|200000.00|5000.00|200000.00|200000.00|7759.56|0.00|0.00|0.00
728535|171283|31|12|2009|2009-12-31|Prestação de Contas em Análise||Publicado|SIM|NÃO|59150000386200925|530014|2010-01-08|2010-01-07|2016-06-01|30|2016-07-01||1|2|6|5049184.56|3800000.00|1249184.56|7600000.00|3800000.00|39863.83|0.00|0.00|0.00
728763|90630|31|12|2009|2009-12-31|Prestação de Contas em Análise||Publicado|SIM|NÃO|59150000097200926|530014|2010-01-12|2010-01-12|2016-01-09|30|2016-02-08|Normal|1|0|5|514510.56|500000.00|14510.56|1500000.00|500000.00|6214.46|0.00|0.00|0.00
728814|92746|31|12|2009|2009-12-31|Prestação de Contas em Análise||Publicado|SIM|NÃO|59150000045200950|530014|2010-01-12|2010-01-12|2017-06-23|30|2017-07-23||1|1|7|1053365.51|1000000.00|53365.51|2000000.00|971371.18|42728.05|0.00|0.00|0.00
728831|170376|31|12|2009|2009-12-31|Prestação de Contas Rejeitada|Em processo de TCE|Publicado|SIM|NÃO|59150000399200902|530014|2010-01-08|2010-01-07|2010-12-17|0|2010-12-17||1|0|1|104500.00|100000.00|4500.00|100000.00|100000.00|0.00|0.00|0.00|0.00
729150|170830|31|12|2009|2009-12-31|Prestação de Contas Aprovada||Publicado|NÃO|NÃO|59150000404/200979|530014|2010-01-08|2009-12-31|2010-09-27|39|2010-11-05||1|0|1|102200.00|100000.00|2200.00|100000.00|100000.00|1856.19|0.00|0.00|0.00
729849|176076|31|12|2009|2009-12-31|Em execução||Publicado|SIM|NÃO|59150000421200914|530014|2010-01-13|2010-01-13|2018-10-31|30|2018-11-30||1|2|7|5282403.64|4000000.00|1282403.64|8000000.00|1333333.34|0.00|0.00|0.00|0.00
729871|166366|31|12|2009|2009-12-31|Prestação de Contas Aprovada||Publicado|NÃO|NÃO|59150000385/200981|530014|2010-01-12|2010-01-12|2011-07-03|30|2011-08-02||1|0|1|211131.60|200000.00|11131.60|200000.00|200000.00|107648.26|0.00|0.00|0.00
730066|176994|31|12|2009|2009-12-31|Prestação de Contas em Análise||Publicado|SIM|NÃO|59150000444200911|530014|2010-01-06|2010-01-06|2014-01-02|30|2014-02-01|Normal|1|2|3|556657.94|500000.00|56657.94|1000000.00|500000.00|0.00|77.10|0.00|0.00
730098|171788|31|12|2009|2009-12-31|Prestação de Contas Aprovada||Publicado|NÃO|NÃO|59150000420200961|530014|2010-01-13|2010-01-13|2011-03-26|0|2011-03-26||1|1|1|102100.00|100000.00|2100.00|100000.00|100000.00|27605.09|0.00|0.00|0.00
730567|170750|31|12|2009|2009-12-31|Prestação de Contas Aprovada||Publicado|NÃO|NÃO|59150000390200993|530014|2009-12-31|2010-01-19|2012-01-18|30|2012-02-17||1|1|1|161004.13|150000.00|11004.13|300000.00|150000.00|4036.97|0.00|0.00|0.00
730574|153509|31|12|2009|2009-12-31|Prestação de Contas em Análise||Publicado|SIM|NÃO|59150000389200969|530014|2010-01-13|2010-01-13|2013-12-18|30|2014-01-17|Normal|1|1|3|103000.00|100000.00|3000.00|100000.00|200000.00|8494.27|254.83|0.00|0.00
730611|176431|31|12|2009|2009-12-31|Prestação de Contas Aprovada||Publicado|NÃO|NÃO|59150000431200941|530014|2010-01-06|2010-01-06|2014-01-03|30|2014-02-02|Normal|1|0|3|778630.38|750000.00|28630.38|1875000.00|750000.00|15308.00|0.00|0.00|0.00
731520|156962|31|12|2009|2009-12-31|Prestação de Contas Aprovada||Publicado|NÃO|NÃO|59150000448200907|530014|2010-01-13|2010-01-13|2010-07-11|59|2010-09-08||1|0|0|106000.00|100000.00|6000.00|100000.00|100000.00|0.00|0.00|0.00|0.00
731631|176354|31|12|2009|2009-12-31|Prestação de Contas Aprovada||Publicado|NÃO|NÃO|59150000456200945|530014|2010-12-15|2010-01-15|2014-01-11|394|2015-02-09|Normal|1|0|3|519716.72|500000.00|19716.72|1250000.00|500000.00|37301.65|0.00|0.00|0.00
770033|594965|10|8|2012|2012-08-10|Em execução||Publicado|SIM|NÃO|023734/2012|180006|2012-08-10|2012-08-10|2018-08-31|60|2018-10-30|Normal|1|5|0|400000.00|390000.00|10000.00|390000.00|195000.00|0.00|0.00|0.00|0.00
772849|595987|10|8|2012|2012-08-10|Convênio Anulado||Publicado|NÃO|NÃO|024456/2012|180006|2012-08-14|2012-08-10|2014-05-31|60|2014-07-30|Cláusula Suspensiva|1|1|0|400000.00|390000.00|10000.00|0.00|0.00|0.00|0.00|0.00|0.00
778340|610616|10|12|2012|2012-12-10|Em execução||Publicado|SIM|NÃO|033318/2012|180006|2013-01-17|2012-12-10|2017-12-31|60|2018-03-01|Normal|1|4|0|497500.00|487500.00|10000.00|487500.00|243750.00|0.00|0.00|0.00|0.00
771384|611508|5|7|2012|2012-07-05|Aguardando Prestação de Contas||Publicado|SIM|NÃO|01408000857201251|343032|2012-07-10|2012-07-06|2014-07-05|30|2014-08-04|Normal|1|0|0|3332000.00|3065000.00|267000.00|0.00|0.00|0.00|0.00|0.00|0.00
771256|611606|5|7|2012|2012-07-05|Aguardando Prestação de Contas||Publicado|SIM|NÃO|01408000854201218|343032|2012-07-10|2012-07-11|2014-07-11|60|2014-09-09|Normal|1|0|0|1230000.00|1025000.00|205000.00|0.00|0.00|0.00|0.00|0.00|0.00
771378|611821|5|7|2012|2012-07-05|Aguardando Prestação de Contas||Publicado|SIM|NÃO|01408000856201215|343032|2012-07-10|2012-07-06|2014-07-05|60|2014-09-03|Normal|1|0|0|718000.00|660000.00|58000.00|0.00|0.00|0.00|0.00|0.00|0.00
778028|623449|31|12|2012|2012-12-31|Prestação de Contas Aprovada com Ressalvas||Publicado|NÃO|NÃO|038142/2012|550015|2013-01-17|2012-12-31|2016-12-04|60|2017-02-02|Normal|1|4|0|416000.00|400000.00|16000.00|400000.00|200000.00|0.00|0.00|0.00|0.00
778697|625136|21|12|2012|2012-12-21|Aguardando Prestação de Contas||Publicado|SIM|SIM|25000212149201211|257001|2013-01-10|2012-12-21|2017-07-25|60|2017-09-23|Normal|1|2|2|208333.33|200000.00|8333.33|200000.00|200000.00|0.00|0.00|0.00|0.00
775489|639703|28|12|2012|2012-12-28|Em execução||Publicado|SIM|SIM|46069.003875/2012-11|380908|2013-03-06|2012-12-28|2017-12-01|60|2018-01-30|Normal|1|0|0|2997912.03|2712396.60|285515.43|542479.31|271239.66|0.00|0.00|0.00|0.00
776532|641274|28|12|2012|2012-12-28|Prestação de Contas Aprovada||Publicado|NÃO|NÃO|46069.003746/2012-23|380908|2013-03-06|2012-12-28|2017-12-01|60|2018-01-30|Normal|1|0|0|1340000.00|1270000.00|70000.00|0.00|0.00|0.00|15539.88|0.00|0.00
777947|648065|26|12|2012|2012-12-26|Prestação de Contas enviada para Análise||Publicado|SIM|SIM|71001036379201276|330013|2012-12-28|2012-12-26|2016-06-23|60|2016-08-22|Normal|1|2|1|101000.00|100000.00|1000.00|100000.00|100000.00|100011.53|1000.00|0.00|0.00
780716|651027|17|1|2013|2013-01-17|Em execução|Em ajuste do Plano de Trabalho|Publicado|SIM|NÃO|050846/2012|540007|2013-01-22|2013-01-17|2017-12-27|60|2018-02-25|Normal|1|4|0|521000.00|500000.00|21000.00|500000.00|500000.00|0.00|0.00|0.00|0.00
782223|661132|17|1|2013|2013-01-17|Em execução||Publicado|SIM|NÃO|055371/2012|175004|2013-01-22|2013-01-17|2017-12-30|60|2018-02-28|Liminar Judicial|1|4|0|42330353.65|39558600.00|2771753.65|29668600.00|29668600.00|0.00|0.00|0.00|0.00
805542|861090|5|9|2014|2014-09-05|Em execução||Publicado|SIM|SIM|0304192014|175004|2014-09-22|2014-09-05|2018-03-30|60|2018-05-29|Normal|1|1|0|803564.34|702357.00|101207.34|702357.00|351178.50|0.00|0.00|0.00|0.00
785388|735685|23|8|2013|2013-08-23|Aguardando Prestação de Contas||Publicado|SIM|SIM|043990/2013|180006|2013-09-04|2013-08-23|2016-12-22|60|2017-02-20|Normal|1|5|0|2098714.92|2014766.32|83948.60|2014766.32|2014766.32|1640622.91|68359.29|0.00|0.00
792285|736615|27|12|2013|2013-12-27|Convênio Anulado||Publicado|NÃO|SIM|08020027064201354|200330|2013-12-31|2013-12-27|2016-12-27|60|2017-02-25|Normal|1|1|0|685146.19|655146.19|30000.00|0.00|0.00|0.00|0.00|0.00|0.00
796193|738118|30|12|2013|2013-12-30|Em execução||Publicado|SIM|SIM|08020029462201313|200330|2014-01-20|2013-12-30|2019-12-26|60|2020-02-24|Normal|1|2|1|1294150.00|1215400.00|78750.00|1215400.00|1215400.00|0.00|0.00|0.00|0.00
793495|744318|27|12|2013|2013-12-27|Prestação de Contas enviada para Análise||Publicado|SIM|SIM|08020028403201310|200330|2013-12-31|2013-12-27|2016-12-27|60|2017-02-25|Normal|1|2|0|810300.00|760300.00|50000.00|0.00|0.00|0.00|50000.00|0.00|0.00
792884|745698|27|12|2013|2013-12-27|Convênio Anulado||Publicado|NÃO|SIM|08020027939201318|200330|2013-12-31|2013-12-27|2016-12-27|60|2017-02-25|Normal|1|2|0|3860586.00|3660698.00|199888.00|0.00|0.00|0.00|0.00|0.00|0.00
793464|766173|27|12|2013|2013-12-27|Em execução||Publicado|SIM|SIM|08020025086201380|200330|2013-12-31|2013-12-27|2018-06-30|60|2018-08-29|Normal|1|2|1|244592.37|232856.90|11735.47|232856.90|232856.90|0.00|0.00|0.00|0.00
794336|780938|12|11|2014|2014-11-12|Em execução||Publicado|SIM|SIM|25000206561201374|257001|2014-11-20|2014-11-12|2017-11-16|60|2018-01-15|Normal|1|2|1|132000.00|120000.00|12000.00|120000.00|120000.00|0.00|0.00|0.00|0.00
793024|786966|20|12|2013|2013-12-20|Em execução||Publicado|SIM|SIM|25000213018201323|257001|2014-01-09|2013-12-20|2018-10-25|60|2018-12-24|Normal|1|2|1|106870.00|100000.00|6870.00|100000.00|100000.00|0.00|0.00|0.00|0.00
799392|795139|31|12|2013|2013-12-31|Convênio Anulado||Publicado|NÃO|SIM|0852472013|250107|2014-02-04|2013-12-31|2016-06-30|60|2016-08-29|Cláusula Suspensiva|1|1|0|265000.00|250000.00|15000.00|0.00|0.00|0.00|0.00|0.00|0.00
800244|795144|31|12|2013|2013-12-31|Convênio Anulado||Publicado|NÃO|SIM|0852492013|250107|2014-02-04|2013-12-31|2016-06-30|60|2016-08-29|Cláusula Suspensiva|1|1|0|265000.00|250000.00|15000.00|0.00|0.00|0.00|0.00|0.00|0.00
795107|807148|26|12|2013|2013-12-26|Em execução||Publicado|SIM|SIM|53000072984201310|240101|2013-12-31|2013-12-31|2018-06-30|30|2018-07-30|Normal|1|2|1|504440.00|461640.00|42800.00|461640.00|461640.00|0.00|0.00|92226.28|0.00
810903|885458|30|12|2014|2014-12-30|Prestação de Contas em Complementação||Publicado|SIM|SIM|08025002014201403|200005|2015-07-08|2014-12-31|2016-08-09|30|2016-09-08|Normal|1|0|1|550000.00|518000.00|32000.00|259000.00|259000.00|0.00|0.00|0.00|0.00
813675|923487|31|12|2014|2014-12-31|Em execução||Publicado|SIM|SIM|08129041225201495|200246|2015-01-27|2014-12-31|2017-12-31|30|2018-01-30|Normal|1|2|0|740000.00|700000.00|40000.00|700000.00|700000.00|0.00|0.00|0.00|0.00
825137|1031844|30|12|2015|2015-12-30|Convênio Anulado||Publicado|NÃO|SIM|0499592015|250107|2015-01-07|2015-12-30|2017-07-03|60|2017-09-01|Cláusula Suspensiva|1|0|0|1886971.50|1588000.00|298971.50|0.00|0.00|0.00|0.00|0.00|0.00
828941|1065247|13|5|2016|2016-05-13|Em execução||Publicado|SIM|SIM|0132102016|175004|2016-05-19|2016-05-13|2018-07-31|60|2018-09-29|Cláusula Suspensiva|1|0|0|997476.00|987600.00|9876.00|987600.00|0.00|0.00|0.00|0.00|0.00
834822|1065248|29|12|2016|2016-12-29|Em execução||Publicado|SIM|SIM|0132112016|175004|2017-01-12|2016-12-29|2018-12-31|60|2019-03-01|Cláusula Suspensiva|1|0|0|697809.00|690900.00|6909.00|690900.00|0.00|0.00|0.00|0.00|0.00
832520|1070520|31|5|2016|2016-05-31|Em execução||Publicado|SIM|SIM|0180642016|540007|2016-06-10|2016-05-31|2018-07-31|60|2018-09-29|Cláusula Suspensiva|1|0|0|250000.00|243750.00|6250.00|243750.00|0.00|0.00|0.00|0.00|0.00
836067|1087084|23|12|2016|2016-12-23|Em execução||Publicado|SIM|SIM|0256972016|250107|2017-01-12|2016-12-23|2018-12-31|60|2019-03-01|Cláusula Suspensiva|1|0|0|1198920.00|1198920.00|0.00|1198920.00|0.00|0.00|0.00|0.00|0.00
841507|1129268|30|12|2016|2016-12-30|Em execução||Publicado|SIM|SIM|0386892016|540007|2017-01-17|2016-12-30|2018-12-31|60|2019-03-01|Cláusula Suspensiva|1|0|0|984750.00|975000.00|9750.00|975000.00|0.00|0.00|0.00|0.00|0.00
842260|1133282|30|12|2016|2016-12-30|Em execução||Publicado|SIM|SIM|0401022016|175004|2017-01-12|2016-12-30|2018-12-31|60|2019-03-01|Cláusula Suspensiva|1|0|0|3994146.00|3954600.00|39546.00|3954600.00|0.00|0.00|0.00|0.00|0.00
842259|1133434|30|12|2016|2016-12-30|Em execução||Publicado|SIM|SIM|0401622016|175004|2017-01-12|2016-12-30|2018-12-31|60|2019-03-01|Cláusula Suspensiva|1|0|0|1996366.00|1976600.00|19766.00|1976600.00|0.00|0.00|0.00|0.00|0.00
842605|1134812|30|12|2016|2016-12-30|Em execução||Publicado|SIM|SIM|71001036980201692|550015|2017-01-12|2016-12-30|2018-12-30|60|2019-02-28|Cláusula Suspensiva|1|0|0|465500.00|450000.00|15500.00|450000.00|0.00|0.00|0.00|0.00|0.00
823433|1020988|10|12|2015|2015-12-10|Prestação de Contas Aprovada com Ressalvas||Publicado|NÃO|SIM|72031004097201568|540012|2015-12-18|2015-12-10|2016-09-30|30|2016-10-30|Normal|1|0|0|1315798.00|1222116.00|93682.00|1222116.00|1222116.00|93701.13|7182.71|0.00|0.00
850583|1237492|28|9|2017|2017-09-28|Em execução||Publicado|SIM|SIM|0751332017|175004|2017-10-02|2017-09-28|2019-07-20|60|2019-09-18|Cláusula Suspensiva|1|0|0|71532046.50|70129457.35|1402589.15|70129457.35|0.00|0.00|0.00|0.00|0.00
